DoubleLethal,CountsInNormal,CountsInCancer,NotSLInNormal,NotSLInCancer,p-value,OddsRatio,ConfidenceInterval-I,ConfidenceInterval-II
ASPPROASCT1;ASPt6,8,0,20,27,0.0025527192008879,Inf,-Inf,Inf
CO2tm;HCO3E,14,4,14,23,0.0057248562283022,5.75,1.04887489722836,31.5218717574109
ASPPROASCT1;HKt,7,0,21,27,0.00583478674488663,Inf,-Inf,Inf
MI1PP;PIK4,6,0,22,27,0.0129956613863384,Inf,-Inf,Inf
PIK4;PIPLC,6,0,22,27,0.0129956613863384,Inf,-Inf,Inf
HCO3E;HCO3Em,14,5,14,22,0.0142300177278055,4.4,0.883808615207296,21.9051949334745
Htr;UDPGD,9,2,19,25,0.0234018938767799,5.92105263157895,0.682267950126312,51.3857704431775
HCO3E;HCO3tm,13,5,15,22,0.0267042545937435,3.81333333333333,0.764809112686163,19.0132555560673
AHC;ARTFR52,5,0,23,27,0.0282514377963879,Inf,-Inf,Inf
AHC;FAE200,5,0,23,27,0.0282514377963879,Inf,-Inf,Inf
AHC;FAE220,5,0,23,27,0.0282514377963879,Inf,-Inf,Inf
AHC;FAE240,5,0,23,27,0.0282514377963879,Inf,-Inf,Inf
AHC;FAE260,5,0,23,27,0.0282514377963879,Inf,-Inf,Inf
AHC;HACD200,5,0,23,27,0.0282514377963879,Inf,-Inf,Inf
AHC;HACD220,5,0,23,27,0.0282514377963879,Inf,-Inf,Inf
AHC;HACD240,5,0,23,27,0.0282514377963879,Inf,-Inf,Inf
AHC;HACD260,5,0,23,27,0.0282514377963879,Inf,-Inf,Inf
AHC;HEXCCOAtr,5,0,23,27,0.0282514377963879,Inf,-Inf,Inf
AHC;HSD200,5,0,23,27,0.0282514377963879,Inf,-Inf,Inf
AHC;HSD220,5,0,23,27,0.0282514377963879,Inf,-Inf,Inf
AHC;HSD240,5,0,23,27,0.0282514377963879,Inf,-Inf,Inf
AHC;HSD260,5,0,23,27,0.0282514377963879,Inf,-Inf,Inf
AHC;RTOT5,5,0,23,27,0.0282514377963879,Inf,-Inf,Inf
AHC;TECR200,5,0,23,27,0.0282514377963879,Inf,-Inf,Inf
AHC;TECR220,5,0,23,27,0.0282514377963879,Inf,-Inf,Inf
AHC;TECR240,5,0,23,27,0.0282514377963879,Inf,-Inf,Inf
AHC;TECR260,5,0,23,27,0.0282514377963879,Inf,-Inf,Inf
ATP1ter;Htr,5,0,23,27,0.0282514377963879,Inf,-Inf,Inf
BETALDHxm;ARTFR52,5,0,23,27,0.0282514377963879,Inf,-Inf,Inf
BETALDHxm;FAE200,5,0,23,27,0.0282514377963879,Inf,-Inf,Inf
BETALDHxm;FAE220,5,0,23,27,0.0282514377963879,Inf,-Inf,Inf
BETALDHxm;FAE240,5,0,23,27,0.0282514377963879,Inf,-Inf,Inf
BETALDHxm;FAE260,5,0,23,27,0.0282514377963879,Inf,-Inf,Inf
BETALDHxm;HACD200,5,0,23,27,0.0282514377963879,Inf,-Inf,Inf
BETALDHxm;HACD220,5,0,23,27,0.0282514377963879,Inf,-Inf,Inf
BETALDHxm;HACD240,5,0,23,27,0.0282514377963879,Inf,-Inf,Inf
BETALDHxm;HACD260,5,0,23,27,0.0282514377963879,Inf,-Inf,Inf
BETALDHxm;HEXCCOAtr,5,0,23,27,0.0282514377963879,Inf,-Inf,Inf
BETALDHxm;HSD200,5,0,23,27,0.0282514377963879,Inf,-Inf,Inf
BETALDHxm;HSD220,5,0,23,27,0.0282514377963879,Inf,-Inf,Inf
BETALDHxm;HSD240,5,0,23,27,0.0282514377963879,Inf,-Inf,Inf
BETALDHxm;HSD260,5,0,23,27,0.0282514377963879,Inf,-Inf,Inf
BETALDHxm;RTOT5,5,0,23,27,0.0282514377963879,Inf,-Inf,Inf
BETALDHxm;TECR200,5,0,23,27,0.0282514377963879,Inf,-Inf,Inf
BETALDHxm;TECR220,5,0,23,27,0.0282514377963879,Inf,-Inf,Inf
BETALDHxm;TECR240,5,0,23,27,0.0282514377963879,Inf,-Inf,Inf
BETALDHxm;TECR260,5,0,23,27,0.0282514377963879,Inf,-Inf,Inf
BHMT;ARTFR52,5,0,23,27,0.0282514377963879,Inf,-Inf,Inf
BHMT;FAE200,5,0,23,27,0.0282514377963879,Inf,-Inf,Inf
BHMT;FAE220,5,0,23,27,0.0282514377963879,Inf,-Inf,Inf
BHMT;FAE240,5,0,23,27,0.0282514377963879,Inf,-Inf,Inf
BHMT;FAE260,5,0,23,27,0.0282514377963879,Inf,-Inf,Inf
BHMT;HACD200,5,0,23,27,0.0282514377963879,Inf,-Inf,Inf
BHMT;HACD220,5,0,23,27,0.0282514377963879,Inf,-Inf,Inf
BHMT;HACD240,5,0,23,27,0.0282514377963879,Inf,-Inf,Inf
BHMT;HACD260,5,0,23,27,0.0282514377963879,Inf,-Inf,Inf
BHMT;HEXCCOAtr,5,0,23,27,0.0282514377963879,Inf,-Inf,Inf
BHMT;HSD200,5,0,23,27,0.0282514377963879,Inf,-Inf,Inf
BHMT;HSD220,5,0,23,27,0.0282514377963879,Inf,-Inf,Inf
BHMT;HSD240,5,0,23,27,0.0282514377963879,Inf,-Inf,Inf
BHMT;HSD260,5,0,23,27,0.0282514377963879,Inf,-Inf,Inf
BHMT;RTOT5,5,0,23,27,0.0282514377963879,Inf,-Inf,Inf
BHMT;TECR200,5,0,23,27,0.0282514377963879,Inf,-Inf,Inf
BHMT;TECR220,5,0,23,27,0.0282514377963879,Inf,-Inf,Inf
BHMT;TECR240,5,0,23,27,0.0282514377963879,Inf,-Inf,Inf
BHMT;TECR260,5,0,23,27,0.0282514377963879,Inf,-Inf,Inf
CBPPer;PPA,5,0,23,27,0.0282514377963879,Inf,-Inf,Inf
CBPter;PPA,5,0,23,27,0.0282514377963879,Inf,-Inf,Inf
CHLtm;ARTFR52,5,0,23,27,0.0282514377963879,Inf,-Inf,Inf
CHLtm;FAE200,5,0,23,27,0.0282514377963879,Inf,-Inf,Inf
CHLtm;FAE220,5,0,23,27,0.0282514377963879,Inf,-Inf,Inf
CHLtm;FAE240,5,0,23,27,0.0282514377963879,Inf,-Inf,Inf
CHLtm;FAE260,5,0,23,27,0.0282514377963879,Inf,-Inf,Inf
CHLtm;HACD200,5,0,23,27,0.0282514377963879,Inf,-Inf,Inf
CHLtm;HACD220,5,0,23,27,0.0282514377963879,Inf,-Inf,Inf
CHLtm;HACD240,5,0,23,27,0.0282514377963879,Inf,-Inf,Inf
CHLtm;HACD260,5,0,23,27,0.0282514377963879,Inf,-Inf,Inf
CHLtm;HEXCCOAtr,5,0,23,27,0.0282514377963879,Inf,-Inf,Inf
CHLtm;HSD200,5,0,23,27,0.0282514377963879,Inf,-Inf,Inf
CHLtm;HSD220,5,0,23,27,0.0282514377963879,Inf,-Inf,Inf
CHLtm;HSD240,5,0,23,27,0.0282514377963879,Inf,-Inf,Inf
CHLtm;HSD260,5,0,23,27,0.0282514377963879,Inf,-Inf,Inf
CHLtm;RTOT5,5,0,23,27,0.0282514377963879,Inf,-Inf,Inf
CHLtm;TECR200,5,0,23,27,0.0282514377963879,Inf,-Inf,Inf
CHLtm;TECR220,5,0,23,27,0.0282514377963879,Inf,-Inf,Inf
CHLtm;TECR240,5,0,23,27,0.0282514377963879,Inf,-Inf,Inf
CHLtm;TECR260,5,0,23,27,0.0282514377963879,Inf,-Inf,Inf
CHOLD2m;ARTFR52,5,0,23,27,0.0282514377963879,Inf,-Inf,Inf
CHOLD2m;FAE200,5,0,23,27,0.0282514377963879,Inf,-Inf,Inf
CHOLD2m;FAE220,5,0,23,27,0.0282514377963879,Inf,-Inf,Inf
CHOLD2m;FAE240,5,0,23,27,0.0282514377963879,Inf,-Inf,Inf
CHOLD2m;FAE260,5,0,23,27,0.0282514377963879,Inf,-Inf,Inf
CHOLD2m;HACD200,5,0,23,27,0.0282514377963879,Inf,-Inf,Inf
CHOLD2m;HACD220,5,0,23,27,0.0282514377963879,Inf,-Inf,Inf
CHOLD2m;HACD240,5,0,23,27,0.0282514377963879,Inf,-Inf,Inf
CHOLD2m;HACD260,5,0,23,27,0.0282514377963879,Inf,-Inf,Inf
CHOLD2m;HEXCCOAtr,5,0,23,27,0.0282514377963879,Inf,-Inf,Inf
CHOLD2m;HSD200,5,0,23,27,0.0282514377963879,Inf,-Inf,Inf
CHOLD2m;HSD220,5,0,23,27,0.0282514377963879,Inf,-Inf,Inf
CHOLD2m;HSD240,5,0,23,27,0.0282514377963879,Inf,-Inf,Inf
CHOLD2m;HSD260,5,0,23,27,0.0282514377963879,Inf,-Inf,Inf
CHOLD2m;RTOT5,5,0,23,27,0.0282514377963879,Inf,-Inf,Inf
CHOLD2m;TECR200,5,0,23,27,0.0282514377963879,Inf,-Inf,Inf
CHOLD2m;TECR220,5,0,23,27,0.0282514377963879,Inf,-Inf,Inf
CHOLD2m;TECR240,5,0,23,27,0.0282514377963879,Inf,-Inf,Inf
CHOLD2m;TECR260,5,0,23,27,0.0282514377963879,Inf,-Inf,Inf
DMGDHm;ARTFR52,5,0,23,27,0.0282514377963879,Inf,-Inf,Inf
DMGDHm;FAE200,5,0,23,27,0.0282514377963879,Inf,-Inf,Inf
DMGDHm;FAE220,5,0,23,27,0.0282514377963879,Inf,-Inf,Inf
DMGDHm;FAE240,5,0,23,27,0.0282514377963879,Inf,-Inf,Inf
DMGDHm;FAE260,5,0,23,27,0.0282514377963879,Inf,-Inf,Inf
DMGDHm;HACD200,5,0,23,27,0.0282514377963879,Inf,-Inf,Inf
DMGDHm;HACD220,5,0,23,27,0.0282514377963879,Inf,-Inf,Inf
DMGDHm;HACD240,5,0,23,27,0.0282514377963879,Inf,-Inf,Inf
DMGDHm;HACD260,5,0,23,27,0.0282514377963879,Inf,-Inf,Inf
DMGDHm;HEXCCOAtr,5,0,23,27,0.0282514377963879,Inf,-Inf,Inf
DMGDHm;HSD200,5,0,23,27,0.0282514377963879,Inf,-Inf,Inf
DMGDHm;HSD220,5,0,23,27,0.0282514377963879,Inf,-Inf,Inf
DMGDHm;HSD240,5,0,23,27,0.0282514377963879,Inf,-Inf,Inf
DMGDHm;HSD260,5,0,23,27,0.0282514377963879,Inf,-Inf,Inf
DMGDHm;RTOT5,5,0,23,27,0.0282514377963879,Inf,-Inf,Inf
DMGDHm;TECR200,5,0,23,27,0.0282514377963879,Inf,-Inf,Inf
DMGDHm;TECR220,5,0,23,27,0.0282514377963879,Inf,-Inf,Inf
DMGDHm;TECR240,5,0,23,27,0.0282514377963879,Inf,-Inf,Inf
DMGDHm;TECR260,5,0,23,27,0.0282514377963879,Inf,-Inf,Inf
DMGtm;ARTFR52,5,0,23,27,0.0282514377963879,Inf,-Inf,Inf
DMGtm;FAE200,5,0,23,27,0.0282514377963879,Inf,-Inf,Inf
DMGtm;FAE220,5,0,23,27,0.0282514377963879,Inf,-Inf,Inf
DMGtm;FAE240,5,0,23,27,0.0282514377963879,Inf,-Inf,Inf
DMGtm;FAE260,5,0,23,27,0.0282514377963879,Inf,-Inf,Inf
DMGtm;HACD200,5,0,23,27,0.0282514377963879,Inf,-Inf,Inf
DMGtm;HACD220,5,0,23,27,0.0282514377963879,Inf,-Inf,Inf
DMGtm;HACD240,5,0,23,27,0.0282514377963879,Inf,-Inf,Inf
DMGtm;HACD260,5,0,23,27,0.0282514377963879,Inf,-Inf,Inf
DMGtm;HEXCCOAtr,5,0,23,27,0.0282514377963879,Inf,-Inf,Inf
DMGtm;HSD200,5,0,23,27,0.0282514377963879,Inf,-Inf,Inf
DMGtm;HSD220,5,0,23,27,0.0282514377963879,Inf,-Inf,Inf
DMGtm;HSD240,5,0,23,27,0.0282514377963879,Inf,-Inf,Inf
DMGtm;HSD260,5,0,23,27,0.0282514377963879,Inf,-Inf,Inf
DMGtm;RTOT5,5,0,23,27,0.0282514377963879,Inf,-Inf,Inf
DMGtm;TECR200,5,0,23,27,0.0282514377963879,Inf,-Inf,Inf
DMGtm;TECR220,5,0,23,27,0.0282514377963879,Inf,-Inf,Inf
DMGtm;TECR240,5,0,23,27,0.0282514377963879,Inf,-Inf,Inf
DMGtm;TECR260,5,0,23,27,0.0282514377963879,Inf,-Inf,Inf
ETHPL;THRA,5,0,23,27,0.0282514377963879,Inf,-Inf,Inf
FAE200;FALDtm,5,0,23,27,0.0282514377963879,Inf,-Inf,Inf
FAE200;FALDtx,5,0,23,27,0.0282514377963879,Inf,-Inf,Inf
FAE200;GLYBtm,5,0,23,27,0.0282514377963879,Inf,-Inf,Inf
FAE200;GLYtp,5,0,23,27,0.0282514377963879,Inf,-Inf,Inf
FAE200;METAT,5,0,23,27,0.0282514377963879,Inf,-Inf,Inf
FAE200;O2tp,5,0,23,27,0.0282514377963879,Inf,-Inf,Inf
FAE200;SARCOXp,5,0,23,27,0.0282514377963879,Inf,-Inf,Inf
FAE200;SARCStm,5,0,23,27,0.0282514377963879,Inf,-Inf,Inf
FAE200;SARCStp,5,0,23,27,0.0282514377963879,Inf,-Inf,Inf
FAE220;FALDtm,5,0,23,27,0.0282514377963879,Inf,-Inf,Inf
FAE220;FALDtx,5,0,23,27,0.0282514377963879,Inf,-Inf,Inf
FAE220;GLYBtm,5,0,23,27,0.0282514377963879,Inf,-Inf,Inf
FAE220;GLYtp,5,0,23,27,0.0282514377963879,Inf,-Inf,Inf
FAE220;METAT,5,0,23,27,0.0282514377963879,Inf,-Inf,Inf
FAE220;O2tp,5,0,23,27,0.0282514377963879,Inf,-Inf,Inf
FAE220;SARCOXp,5,0,23,27,0.0282514377963879,Inf,-Inf,Inf
FAE220;SARCStm,5,0,23,27,0.0282514377963879,Inf,-Inf,Inf
FAE220;SARCStp,5,0,23,27,0.0282514377963879,Inf,-Inf,Inf
FAE240;FALDtm,5,0,23,27,0.0282514377963879,Inf,-Inf,Inf
FAE240;FALDtx,5,0,23,27,0.0282514377963879,Inf,-Inf,Inf
FAE240;GLYBtm,5,0,23,27,0.0282514377963879,Inf,-Inf,Inf
FAE240;GLYtp,5,0,23,27,0.0282514377963879,Inf,-Inf,Inf
FAE240;METAT,5,0,23,27,0.0282514377963879,Inf,-Inf,Inf
FAE240;O2tp,5,0,23,27,0.0282514377963879,Inf,-Inf,Inf
FAE240;SARCOXp,5,0,23,27,0.0282514377963879,Inf,-Inf,Inf
FAE240;SARCStm,5,0,23,27,0.0282514377963879,Inf,-Inf,Inf
FAE240;SARCStp,5,0,23,27,0.0282514377963879,Inf,-Inf,Inf
FAE260;FALDtm,5,0,23,27,0.0282514377963879,Inf,-Inf,Inf
FAE260;FALDtx,5,0,23,27,0.0282514377963879,Inf,-Inf,Inf
FAE260;GLYBtm,5,0,23,27,0.0282514377963879,Inf,-Inf,Inf
FAE260;GLYtp,5,0,23,27,0.0282514377963879,Inf,-Inf,Inf
FAE260;METAT,5,0,23,27,0.0282514377963879,Inf,-Inf,Inf
FAE260;O2tp,5,0,23,27,0.0282514377963879,Inf,-Inf,Inf
FAE260;SARCOXp,5,0,23,27,0.0282514377963879,Inf,-Inf,Inf
FAE260;SARCStm,5,0,23,27,0.0282514377963879,Inf,-Inf,Inf
FAE260;SARCStp,5,0,23,27,0.0282514377963879,Inf,-Inf,Inf
FALDtm;ARTFR52,5,0,23,27,0.0282514377963879,Inf,-Inf,Inf
FALDtm;HACD200,5,0,23,27,0.0282514377963879,Inf,-Inf,Inf
FALDtm;HACD220,5,0,23,27,0.0282514377963879,Inf,-Inf,Inf
FALDtm;HACD240,5,0,23,27,0.0282514377963879,Inf,-Inf,Inf
FALDtm;HACD260,5,0,23,27,0.0282514377963879,Inf,-Inf,Inf
FALDtm;HEXCCOAtr,5,0,23,27,0.0282514377963879,Inf,-Inf,Inf
FALDtm;HSD200,5,0,23,27,0.0282514377963879,Inf,-Inf,Inf
FALDtm;HSD220,5,0,23,27,0.0282514377963879,Inf,-Inf,Inf
FALDtm;HSD240,5,0,23,27,0.0282514377963879,Inf,-Inf,Inf
FALDtm;HSD260,5,0,23,27,0.0282514377963879,Inf,-Inf,Inf
FALDtm;RTOT5,5,0,23,27,0.0282514377963879,Inf,-Inf,Inf
FALDtm;TECR200,5,0,23,27,0.0282514377963879,Inf,-Inf,Inf
FALDtm;TECR220,5,0,23,27,0.0282514377963879,Inf,-Inf,Inf
FALDtm;TECR240,5,0,23,27,0.0282514377963879,Inf,-Inf,Inf
FALDtm;TECR260,5,0,23,27,0.0282514377963879,Inf,-Inf,Inf
FALDtx;ARTFR52,5,0,23,27,0.0282514377963879,Inf,-Inf,Inf
FALDtx;HACD200,5,0,23,27,0.0282514377963879,Inf,-Inf,Inf
FALDtx;HACD220,5,0,23,27,0.0282514377963879,Inf,-Inf,Inf
FALDtx;HACD240,5,0,23,27,0.0282514377963879,Inf,-Inf,Inf
FALDtx;HACD260,5,0,23,27,0.0282514377963879,Inf,-Inf,Inf
FALDtx;HEXCCOAtr,5,0,23,27,0.0282514377963879,Inf,-Inf,Inf
FALDtx;HSD200,5,0,23,27,0.0282514377963879,Inf,-Inf,Inf
FALDtx;HSD220,5,0,23,27,0.0282514377963879,Inf,-Inf,Inf
FALDtx;HSD240,5,0,23,27,0.0282514377963879,Inf,-Inf,Inf
FALDtx;HSD260,5,0,23,27,0.0282514377963879,Inf,-Inf,Inf
FALDtx;RTOT5,5,0,23,27,0.0282514377963879,Inf,-Inf,Inf
FALDtx;TECR200,5,0,23,27,0.0282514377963879,Inf,-Inf,Inf
FALDtx;TECR220,5,0,23,27,0.0282514377963879,Inf,-Inf,Inf
FALDtx;TECR240,5,0,23,27,0.0282514377963879,Inf,-Inf,Inf
FALDtx;TECR260,5,0,23,27,0.0282514377963879,Inf,-Inf,Inf
G6PPer;PPA,5,0,23,27,0.0282514377963879,Inf,-Inf,Inf
GLYBtm;ARTFR52,5,0,23,27,0.0282514377963879,Inf,-Inf,Inf
GLYBtm;HACD200,5,0,23,27,0.0282514377963879,Inf,-Inf,Inf
GLYBtm;HACD220,5,0,23,27,0.0282514377963879,Inf,-Inf,Inf
GLYBtm;HACD240,5,0,23,27,0.0282514377963879,Inf,-Inf,Inf
GLYBtm;HACD260,5,0,23,27,0.0282514377963879,Inf,-Inf,Inf
GLYBtm;HEXCCOAtr,5,0,23,27,0.0282514377963879,Inf,-Inf,Inf
GLYBtm;HSD200,5,0,23,27,0.0282514377963879,Inf,-Inf,Inf
GLYBtm;HSD220,5,0,23,27,0.0282514377963879,Inf,-Inf,Inf
GLYBtm;HSD240,5,0,23,27,0.0282514377963879,Inf,-Inf,Inf
GLYBtm;HSD260,5,0,23,27,0.0282514377963879,Inf,-Inf,Inf
GLYBtm;RTOT5,5,0,23,27,0.0282514377963879,Inf,-Inf,Inf
GLYBtm;TECR200,5,0,23,27,0.0282514377963879,Inf,-Inf,Inf
GLYBtm;TECR220,5,0,23,27,0.0282514377963879,Inf,-Inf,Inf
GLYBtm;TECR240,5,0,23,27,0.0282514377963879,Inf,-Inf,Inf
GLYBtm;TECR260,5,0,23,27,0.0282514377963879,Inf,-Inf,Inf
GLYtp;ARTFR52,5,0,23,27,0.0282514377963879,Inf,-Inf,Inf
GLYtp;HACD200,5,0,23,27,0.0282514377963879,Inf,-Inf,Inf
GLYtp;HACD220,5,0,23,27,0.0282514377963879,Inf,-Inf,Inf
GLYtp;HACD240,5,0,23,27,0.0282514377963879,Inf,-Inf,Inf
GLYtp;HACD260,5,0,23,27,0.0282514377963879,Inf,-Inf,Inf
GLYtp;HEXCCOAtr,5,0,23,27,0.0282514377963879,Inf,-Inf,Inf
GLYtp;HSD200,5,0,23,27,0.0282514377963879,Inf,-Inf,Inf
GLYtp;HSD220,5,0,23,27,0.0282514377963879,Inf,-Inf,Inf
GLYtp;HSD240,5,0,23,27,0.0282514377963879,Inf,-Inf,Inf
GLYtp;HSD260,5,0,23,27,0.0282514377963879,Inf,-Inf,Inf
GLYtp;RTOT5,5,0,23,27,0.0282514377963879,Inf,-Inf,Inf
GLYtp;TECR200,5,0,23,27,0.0282514377963879,Inf,-Inf,Inf
GLYtp;TECR220,5,0,23,27,0.0282514377963879,Inf,-Inf,Inf
GLYtp;TECR240,5,0,23,27,0.0282514377963879,Inf,-Inf,Inf
GLYtp;TECR260,5,0,23,27,0.0282514377963879,Inf,-Inf,Inf
HACD200;METAT,5,0,23,27,0.0282514377963879,Inf,-Inf,Inf
HACD200;O2tp,5,0,23,27,0.0282514377963879,Inf,-Inf,Inf
HACD200;SARCOXp,5,0,23,27,0.0282514377963879,Inf,-Inf,Inf
HACD200;SARCStm,5,0,23,27,0.0282514377963879,Inf,-Inf,Inf
HACD200;SARCStp,5,0,23,27,0.0282514377963879,Inf,-Inf,Inf
HACD220;METAT,5,0,23,27,0.0282514377963879,Inf,-Inf,Inf
HACD220;O2tp,5,0,23,27,0.0282514377963879,Inf,-Inf,Inf
HACD220;SARCOXp,5,0,23,27,0.0282514377963879,Inf,-Inf,Inf
HACD220;SARCStm,5,0,23,27,0.0282514377963879,Inf,-Inf,Inf
HACD220;SARCStp,5,0,23,27,0.0282514377963879,Inf,-Inf,Inf
HACD240;METAT,5,0,23,27,0.0282514377963879,Inf,-Inf,Inf
HACD240;O2tp,5,0,23,27,0.0282514377963879,Inf,-Inf,Inf
HACD240;SARCOXp,5,0,23,27,0.0282514377963879,Inf,-Inf,Inf
HACD240;SARCStm,5,0,23,27,0.0282514377963879,Inf,-Inf,Inf
HACD240;SARCStp,5,0,23,27,0.0282514377963879,Inf,-Inf,Inf
HACD260;METAT,5,0,23,27,0.0282514377963879,Inf,-Inf,Inf
HACD260;O2tp,5,0,23,27,0.0282514377963879,Inf,-Inf,Inf
HACD260;SARCOXp,5,0,23,27,0.0282514377963879,Inf,-Inf,Inf
HACD260;SARCStm,5,0,23,27,0.0282514377963879,Inf,-Inf,Inf
HACD260;SARCStp,5,0,23,27,0.0282514377963879,Inf,-Inf,Inf
HCO3E;PROtm,5,0,23,27,0.0282514377963879,Inf,-Inf,Inf
HEXCCOAtr;METAT,5,0,23,27,0.0282514377963879,Inf,-Inf,Inf
HEXCCOAtr;O2tp,5,0,23,27,0.0282514377963879,Inf,-Inf,Inf
HEXCCOAtr;SARCOXp,5,0,23,27,0.0282514377963879,Inf,-Inf,Inf
HEXCCOAtr;SARCStm,5,0,23,27,0.0282514377963879,Inf,-Inf,Inf
HEXCCOAtr;SARCStp,5,0,23,27,0.0282514377963879,Inf,-Inf,Inf
HSD200;METAT,5,0,23,27,0.0282514377963879,Inf,-Inf,Inf
HSD200;O2tp,5,0,23,27,0.0282514377963879,Inf,-Inf,Inf
HSD200;SARCOXp,5,0,23,27,0.0282514377963879,Inf,-Inf,Inf
HSD200;SARCStm,5,0,23,27,0.0282514377963879,Inf,-Inf,Inf
HSD200;SARCStp,5,0,23,27,0.0282514377963879,Inf,-Inf,Inf
HSD220;METAT,5,0,23,27,0.0282514377963879,Inf,-Inf,Inf
HSD220;O2tp,5,0,23,27,0.0282514377963879,Inf,-Inf,Inf
HSD220;SARCOXp,5,0,23,27,0.0282514377963879,Inf,-Inf,Inf
HSD220;SARCStm,5,0,23,27,0.0282514377963879,Inf,-Inf,Inf
HSD220;SARCStp,5,0,23,27,0.0282514377963879,Inf,-Inf,Inf
HSD240;METAT,5,0,23,27,0.0282514377963879,Inf,-Inf,Inf
HSD240;O2tp,5,0,23,27,0.0282514377963879,Inf,-Inf,Inf
HSD240;SARCOXp,5,0,23,27,0.0282514377963879,Inf,-Inf,Inf
HSD240;SARCStm,5,0,23,27,0.0282514377963879,Inf,-Inf,Inf
HSD240;SARCStp,5,0,23,27,0.0282514377963879,Inf,-Inf,Inf
HSD260;METAT,5,0,23,27,0.0282514377963879,Inf,-Inf,Inf
HSD260;O2tp,5,0,23,27,0.0282514377963879,Inf,-Inf,Inf
HSD260;SARCOXp,5,0,23,27,0.0282514377963879,Inf,-Inf,Inf
HSD260;SARCStm,5,0,23,27,0.0282514377963879,Inf,-Inf,Inf
HSD260;SARCStp,5,0,23,27,0.0282514377963879,Inf,-Inf,Inf
METAT;ARTFR52,5,0,23,27,0.0282514377963879,Inf,-Inf,Inf
METAT;RTOT5,5,0,23,27,0.0282514377963879,Inf,-Inf,Inf
METAT;TECR200,5,0,23,27,0.0282514377963879,Inf,-Inf,Inf
METAT;TECR220,5,0,23,27,0.0282514377963879,Inf,-Inf,Inf
METAT;TECR240,5,0,23,27,0.0282514377963879,Inf,-Inf,Inf
METAT;TECR260,5,0,23,27,0.0282514377963879,Inf,-Inf,Inf
NH4tr;PPA,5,0,23,27,0.0282514377963879,Inf,-Inf,Inf
O2tp;ARTFR52,5,0,23,27,0.0282514377963879,Inf,-Inf,Inf
O2tp;RTOT5,5,0,23,27,0.0282514377963879,Inf,-Inf,Inf
O2tp;TECR200,5,0,23,27,0.0282514377963879,Inf,-Inf,Inf
O2tp;TECR220,5,0,23,27,0.0282514377963879,Inf,-Inf,Inf
O2tp;TECR240,5,0,23,27,0.0282514377963879,Inf,-Inf,Inf
O2tp;TECR260,5,0,23,27,0.0282514377963879,Inf,-Inf,Inf
SARCOXp;ARTFR52,5,0,23,27,0.0282514377963879,Inf,-Inf,Inf
SARCOXp;RTOT5,5,0,23,27,0.0282514377963879,Inf,-Inf,Inf
SARCOXp;TECR200,5,0,23,27,0.0282514377963879,Inf,-Inf,Inf
SARCOXp;TECR220,5,0,23,27,0.0282514377963879,Inf,-Inf,Inf
SARCOXp;TECR240,5,0,23,27,0.0282514377963879,Inf,-Inf,Inf
SARCOXp;TECR260,5,0,23,27,0.0282514377963879,Inf,-Inf,Inf
SARCStm;ARTFR52,5,0,23,27,0.0282514377963879,Inf,-Inf,Inf
SARCStm;RTOT5,5,0,23,27,0.0282514377963879,Inf,-Inf,Inf
SARCStm;TECR200,5,0,23,27,0.0282514377963879,Inf,-Inf,Inf
SARCStm;TECR220,5,0,23,27,0.0282514377963879,Inf,-Inf,Inf
SARCStm;TECR240,5,0,23,27,0.0282514377963879,Inf,-Inf,Inf
SARCStm;TECR260,5,0,23,27,0.0282514377963879,Inf,-Inf,Inf
SARCStp;ARTFR52,5,0,23,27,0.0282514377963879,Inf,-Inf,Inf
SARCStp;RTOT5,5,0,23,27,0.0282514377963879,Inf,-Inf,Inf
SARCStp;TECR200,5,0,23,27,0.0282514377963879,Inf,-Inf,Inf
SARCStp;TECR220,5,0,23,27,0.0282514377963879,Inf,-Inf,Inf
SARCStp;TECR240,5,0,23,27,0.0282514377963879,Inf,-Inf,Inf
SARCStp;TECR260,5,0,23,27,0.0282514377963879,Inf,-Inf,Inf
SERCYSNaEx;SERt4,5,0,23,27,0.0282514377963879,Inf,-Inf,Inf
HCO3Em;HCO3tm,11,4,17,23,0.0403470893956069,3.72058823529412,0.669681528639209,20.670686325689
